/*
 Navicat Premium Data Transfer

 Source Server         : dark
 Source Server Type    : MySQL
 Source Server Version : 50711
 Source Host           : localhost
 Source Database       : curb

 Target Server Type    : MySQL
 Target Server Version : 50711
 File Encoding         : utf-8

 Date: 08/07/2017 18:34:31 PM
*/

SET NAMES utf8;
SET FOREIGN_KEY_CHECKS = 0;

-- ----------------------------
--  Table structure for `brand`
-- ----------------------------
DROP TABLE IF EXISTS `brand`;
CREATE TABLE `brand` (
  `brand_id` int(11) NOT NULL AUTO_INCREMENT,
  `brand_name` varchar(255) DEFAULT NULL,
  PRIMARY KEY (`brand_id`)
) ENGINE=InnoDB AUTO_INCREMENT=7 DEFAULT CHARSET=utf8;

-- ----------------------------
--  Records of `brand`
-- ----------------------------
BEGIN;
INSERT INTO `brand` VALUES ('1', '小米'), ('2', '荣耀'), ('3', '小辣椒'), ('4', '美图'), ('5', '锤子'), ('6', '360手机');
COMMIT;

-- ----------------------------
--  Table structure for `platform`
-- ----------------------------
DROP TABLE IF EXISTS `platform`;
CREATE TABLE `platform` (
  `platform_id` int(11) NOT NULL AUTO_INCREMENT,
  `platform_name` varchar(255) DEFAULT NULL,
  `create_time` date DEFAULT NULL,
  `remark` varchar(255) DEFAULT NULL,
  `logo` varchar(255) DEFAULT NULL,
  PRIMARY KEY (`platform_id`)
) ENGINE=MyISAM AUTO_INCREMENT=6 DEFAULT CHARSET=utf8;

-- ----------------------------
--  Records of `platform`
-- ----------------------------
BEGIN;
INSERT INTO `platform` VALUES ('1', '天猫', '2017-08-01', null, null), ('2', '京东', '2017-08-01', null, null), ('3', '小米官网', '2017-08-01', null, null), ('4', '华为官网', '2017-08-01', null, null), ('5', '360官网', '2017-08-01', null, null);
COMMIT;

-- ----------------------------
--  Table structure for `qianggoubiao`
-- ----------------------------
DROP TABLE IF EXISTS `qianggoubiao`;
CREATE TABLE `qianggoubiao` (
  `qianggou_id` int(11) NOT NULL AUTO_INCREMENT,
  `qianngou_name` varchar(255) NOT NULL,
  `create_time` datetime NOT NULL,
  `directe_url` varchar(1000) NOT NULL,
  `qianggoubiao_time` datetime DEFAULT NULL,
  `qianggou_brand_id` int(11) DEFAULT NULL,
  `qianggou_platform_id` int(11) DEFAULT NULL,
  `logo` varchar(255) DEFAULT NULL,
  `remark` varchar(255) DEFAULT NULL,
  `is_invalid` char(255) DEFAULT NULL,
  `create_user` varchar(255) DEFAULT NULL,
  PRIMARY KEY (`qianggou_id`),
  KEY `fk_qianggoubiao_brand` (`qianggou_brand_id`),
  KEY `fk_qianggoubiao_platform` (`qianggou_platform_id`)
) ENGINE=MyISAM AUTO_INCREMENT=15 DEFAULT CHARSET=utf8;

-- ----------------------------
--  Records of `qianggoubiao`
-- ----------------------------
BEGIN;
INSERT INTO `qianggoubiao` VALUES ('5', '小米6', '2017-08-01 17:15:27', 'https://item.jd.com/4099139.html', '2017-08-06 09:58:50', '1', '3', '', '', '', ''), ('6', '荣耀8', '2017-08-01 23:24:52', 'https://item.jd.com/4099139.html', '2017-08-06 09:58:53', '2', '4', null, null, null, null), ('7', '小米7', '2017-08-02 09:56:12', 'https://item.jd.com/4099139.html', '2017-08-04 09:01:57', '1', '1', null, null, null, null), ('8', '小米6（2499）聚划算', '2017-08-02 17:43:04', 'https://detail.ju.taobao.com/home.htm?spm=a220o.1000855.1998059570.1.4732a2bdmEZBXA&item_id=549049522944&ali_trackid=2:mm_31735899_13434959_53336292:1501666709_310_1044786802', '2017-08-06 09:59:00', '1', '1', null, null, null, null), ('9', '360N4', '2017-08-02 17:58:12', 'https://re.jd.com/cps/item/5181406.html?cu=true&utm_source=qianggoubiao.cn&utm_medium=tuiguang&utm_campaign=t_328129234_&utm_term=d21a41691e6247be9727574d220bfe0b&abt=3', '2017-08-06 09:59:03', '6', '5', null, null, null, null), ('11', '荣耀9 4+64金（2299-5181406）  荣耀9 4+64灰（2299-5181404）', '2017-08-02 18:23:44', 'https://re.jd.com/cps/item/5181404.html?cu=true&utm_source=qianggoubiao.cn&utm_medium=tuiguang&utm_campaign=t_328129234_&utm_term=6c9e8c4c6f8f40e4902ae8f0f493eb3c&abt=3', '2017-08-06 09:59:06', '2', '4', null, null, null, null), ('12', '小米7', '2017-08-02 09:56:12', 'https://item.jd.com/4099139.html', '2017-08-04 09:01:57', '1', '2', null, null, null, null), ('13', '小米7', '2017-08-02 09:56:12', 'https://item.jd.com/4099139.html', '2017-08-04 09:01:57', '1', '3', null, null, null, null), ('14', '小米7', '2017-08-02 09:56:12', 'https://item.jd.com/4099139.html', '2017-08-04 09:01:57', '1', '1', null, null, null, null);
COMMIT;

-- ----------------------------
--  Table structure for `tbl_dept`
-- ----------------------------
DROP TABLE IF EXISTS `tbl_dept`;
CREATE TABLE `tbl_dept` (
  `dept_id` int(11) NOT NULL AUTO_INCREMENT,
  `dept_name` varchar(255) NOT NULL,
  PRIMARY KEY (`dept_id`)
) ENGINE=MyISAM AUTO_INCREMENT=3 DEFAULT CHARSET=utf8;

-- ----------------------------
--  Records of `tbl_dept`
-- ----------------------------
BEGIN;
INSERT INTO `tbl_dept` VALUES ('1', '开发部'), ('2', '测试部');
COMMIT;

-- ----------------------------
--  Table structure for `tbl_emp`
-- ----------------------------
DROP TABLE IF EXISTS `tbl_emp`;
CREATE TABLE `tbl_emp` (
  `emp_id` int(11) NOT NULL AUTO_INCREMENT,
  `emp_name` varchar(255) NOT NULL,
  `gender` char(1) DEFAULT NULL,
  `email` varchar(255) DEFAULT NULL,
  `d_id` int(11) DEFAULT NULL,
  PRIMARY KEY (`emp_id`),
  KEY `fk_emp_dept` (`d_id`)
) ENGINE=MyISAM AUTO_INCREMENT=1004 DEFAULT CHARSET=utf8;

-- ----------------------------
--  Records of `tbl_emp`
-- ----------------------------
BEGIN;
INSERT INTO `tbl_emp` VALUES ('1', 'Jerry', 'M', 'Jerry@cgd.com', '1'), ('2', '606050', 'M', '606050@cgd.com', '1'), ('3', '72c0b1', 'M', '72c0b1@cgd.com', '1'), ('4', '3068f2', 'M', '3068f2@cgd.com', '1'), ('5', '582cf3', 'M', '582cf3@cgd.com', '1'), ('6', '9c44f4', 'M', '9c44f4@cgd.com', '1'), ('7', 'abca45', 'M', 'abca45@cgd.com', '1'), ('8', '7e1116', 'M', '7e1116@cgd.com', '1'), ('9', 'df1fc7', 'M', 'df1fc7@cgd.com', '1'), ('10', 'ccc378', 'M', 'ccc378@cgd.com', '1'), ('11', '829d69', 'M', '829d69@cgd.com', '1'), ('12', 'b818d10', 'M', 'b818d10@cgd.com', '1'), ('13', '7561611', 'M', '7561611@cgd.com', '1'), ('14', '0235412', 'M', '0235412@cgd.com', '1'), ('15', '23a8a13', 'M', '23a8a13@cgd.com', '1'), ('16', 'e93b814', 'M', 'e93b814@cgd.com', '1'), ('17', 'f1d0015', 'M', 'f1d0015@cgd.com', '1'), ('18', 'ac0e116', 'M', 'ac0e116@cgd.com', '1'), ('19', 'eb51217', 'M', 'eb51217@cgd.com', '1'), ('20', '828bb18', 'M', '828bb18@cgd.com', '1'), ('21', '4b0f019', 'M', '4b0f019@cgd.com', '1'), ('22', 'b851c20', 'M', 'b851c20@cgd.com', '1'), ('23', 'c973c21', 'M', 'c973c21@cgd.com', '1'), ('24', 'ff48f22', 'M', 'ff48f22@cgd.com', '1'), ('25', 'bec1b23', 'M', 'bec1b23@cgd.com', '1'), ('26', 'cacd024', 'M', 'cacd024@cgd.com', '1'), ('27', 'd93aa25', 'M', 'd93aa25@cgd.com', '1'), ('28', '4557426', 'M', '4557426@cgd.com', '1'), ('29', '7116f27', 'M', '7116f27@cgd.com', '1'), ('30', '4ce7528', 'M', '4ce7528@cgd.com', '1'), ('31', 'fa1be29', 'M', 'fa1be29@cgd.com', '1'), ('32', '6571830', 'M', '6571830@cgd.com', '1'), ('33', 'b6ea831', 'M', 'b6ea831@cgd.com', '1'), ('34', '5269632', 'M', '5269632@cgd.com', '1'), ('35', '4547433', 'M', '4547433@cgd.com', '1'), ('36', 'd8d2234', 'M', 'd8d2234@cgd.com', '1'), ('37', '49d3d35', 'M', '49d3d35@cgd.com', '1'), ('38', 'df0e536', 'M', 'df0e536@cgd.com', '1'), ('39', '03b0a37', 'M', '03b0a37@cgd.com', '1'), ('40', '6630538', 'M', '6630538@cgd.com', '1'), ('41', '8ec4139', 'M', '8ec4139@cgd.com', '1'), ('42', '467ff40', 'M', '467ff40@cgd.com', '1'), ('43', 'b217441', 'M', 'b217441@cgd.com', '1'), ('44', '0b09742', 'M', '0b09742@cgd.com', '1'), ('45', 'b102743', 'M', 'b102743@cgd.com', '1'), ('46', '5063644', 'M', '5063644@cgd.com', '1'), ('47', '1ed5145', 'M', '1ed5145@cgd.com', '1'), ('48', '2e1b646', 'M', '2e1b646@cgd.com', '1'), ('49', 'aa8cd47', 'M', 'aa8cd47@cgd.com', '1'), ('50', '4a2ae48', 'M', '4a2ae48@cgd.com', '1'), ('51', '2810449', 'M', '2810449@cgd.com', '1'), ('52', 'c335050', 'M', 'c335050@cgd.com', '1'), ('53', 'e49a751', 'M', 'e49a751@cgd.com', '1'), ('54', '3bdea52', 'M', '3bdea52@cgd.com', '1'), ('55', '7a53153', 'M', '7a53153@cgd.com', '1'), ('56', '3cb5154', 'M', '3cb5154@cgd.com', '1'), ('57', '9824255', 'M', '9824255@cgd.com', '1'), ('58', '977ef56', 'M', '977ef56@cgd.com', '1'), ('59', '506d757', 'M', '506d757@cgd.com', '1'), ('60', '01f8858', 'M', '01f8858@cgd.com', '1'), ('61', 'daf3a59', 'M', 'daf3a59@cgd.com', '1'), ('62', 'bb82160', 'M', 'bb82160@cgd.com', '1'), ('63', '5626761', 'M', '5626761@cgd.com', '1'), ('64', 'dcde162', 'M', 'dcde162@cgd.com', '1'), ('65', '503d163', 'M', '503d163@cgd.com', '1'), ('66', '3d63e64', 'M', '3d63e64@cgd.com', '1'), ('67', '6b72765', 'M', '6b72765@cgd.com', '1'), ('68', '20df566', 'M', '20df566@cgd.com', '1'), ('69', '2e8ba67', 'M', '2e8ba67@cgd.com', '1'), ('70', 'dd7bf68', 'M', 'dd7bf68@cgd.com', '1'), ('71', '7b58169', 'M', '7b58169@cgd.com', '1'), ('72', 'ceac370', 'M', 'ceac370@cgd.com', '1'), ('73', 'e8df171', 'M', 'e8df171@cgd.com', '1'), ('74', '3570972', 'M', '3570972@cgd.com', '1'), ('75', '2106573', 'M', '2106573@cgd.com', '1'), ('76', '6319174', 'M', '6319174@cgd.com', '1'), ('77', '8fdbc75', 'M', '8fdbc75@cgd.com', '1'), ('78', 'fa19b76', 'M', 'fa19b76@cgd.com', '1'), ('79', 'b158477', 'M', 'b158477@cgd.com', '1'), ('80', 'a02d278', 'M', 'a02d278@cgd.com', '1'), ('81', '30aec79', 'M', '30aec79@cgd.com', '1'), ('82', '05b6280', 'M', '05b6280@cgd.com', '1'), ('83', '10f9081', 'M', '10f9081@cgd.com', '1'), ('84', '883b482', 'M', '883b482@cgd.com', '1'), ('85', '3f87883', 'M', '3f87883@cgd.com', '1'), ('86', 'f95e484', 'M', 'f95e484@cgd.com', '1'), ('87', '31d9c85', 'M', '31d9c85@cgd.com', '1'), ('88', '7934c86', 'M', '7934c86@cgd.com', '1'), ('89', 'fc7ed87', 'M', 'fc7ed87@cgd.com', '1'), ('90', '8b84588', 'M', '8b84588@cgd.com', '1'), ('91', '6f7e689', 'M', '6f7e689@cgd.com', '1'), ('92', 'c7b5c90', 'M', 'c7b5c90@cgd.com', '1'), ('93', '2f3f991', 'M', '2f3f991@cgd.com', '1'), ('94', 'd340692', 'M', 'd340692@cgd.com', '1'), ('95', 'ec7a693', 'M', 'ec7a693@cgd.com', '1'), ('96', '2e82494', 'M', '2e82494@cgd.com', '1'), ('97', 'd20d795', 'M', 'd20d795@cgd.com', '1'), ('98', '3179296', 'M', '3179296@cgd.com', '1'), ('99', '86a6f97', 'M', '86a6f97@cgd.com', '1'), ('100', '6393898', 'M', '6393898@cgd.com', '1'), ('101', 'be03899', 'M', 'be03899@cgd.com', '1'), ('102', '9bf3f100', 'M', '9bf3f100@cgd.com', '1'), ('103', '80e23101', 'M', '80e23101@cgd.com', '1'), ('104', 'bc24e102', 'M', 'bc24e102@cgd.com', '1'), ('105', '0ba7e103', 'M', '0ba7e103@cgd.com', '1'), ('106', 'ff6d9104', 'M', 'ff6d9104@cgd.com', '1'), ('107', 'bf9e1105', 'M', 'bf9e1105@cgd.com', '1'), ('108', '9a946106', 'M', '9a946106@cgd.com', '1'), ('109', '06c5d107', 'M', '06c5d107@cgd.com', '1'), ('110', 'ba098108', 'M', 'ba098108@cgd.com', '1'), ('111', '197c5109', 'M', '197c5109@cgd.com', '1'), ('112', 'af51b110', 'M', 'af51b110@cgd.com', '1'), ('113', '24fc7111', 'M', '24fc7111@cgd.com', '1'), ('114', '0109c112', 'M', '0109c112@cgd.com', '1'), ('115', 'c48eb113', 'M', 'c48eb113@cgd.com', '1'), ('116', 'ad612114', 'M', 'ad612114@cgd.com', '1'), ('117', '65959115', 'M', '65959115@cgd.com', '1'), ('118', 'f5c2f116', 'M', 'f5c2f116@cgd.com', '1'), ('119', '9c862117', 'M', '9c862117@cgd.com', '1'), ('120', '5dab8118', 'M', '5dab8118@cgd.com', '1'), ('121', '9b672119', 'M', '9b672119@cgd.com', '1'), ('122', '9ba72120', 'M', '9ba72120@cgd.com', '1'), ('123', 'ebf73121', 'M', 'ebf73121@cgd.com', '1'), ('124', '45a10122', 'M', '45a10122@cgd.com', '1'), ('125', 'c472a123', 'M', 'c472a123@cgd.com', '1'), ('126', 'bc3b5124', 'M', 'bc3b5124@cgd.com', '1'), ('127', 'f26cf125', 'M', 'f26cf125@cgd.com', '1'), ('128', '3bb41126', 'M', '3bb41126@cgd.com', '1'), ('129', 'bf71e127', 'M', 'bf71e127@cgd.com', '1'), ('130', 'c35ff128', 'M', 'c35ff128@cgd.com', '1'), ('131', '02635129', 'M', '02635129@cgd.com', '1'), ('132', '53654130', 'M', '53654130@cgd.com', '1'), ('133', '2ac33131', 'M', '2ac33131@cgd.com', '1'), ('134', '9378e132', 'M', '9378e132@cgd.com', '1'), ('135', 'b7fab133', 'M', 'b7fab133@cgd.com', '1'), ('136', 'abaf1134', 'M', 'abaf1134@cgd.com', '1'), ('137', '45403135', 'M', '45403135@cgd.com', '1'), ('138', 'f9510136', 'M', 'f9510136@cgd.com', '1'), ('139', 'e242d137', 'M', 'e242d137@cgd.com', '1'), ('140', 'e0a7a138', 'M', 'e0a7a138@cgd.com', '1'), ('141', 'f7a74139', 'M', 'f7a74139@cgd.com', '1'), ('142', '7b550140', 'M', '7b550140@cgd.com', '1'), ('143', '34f79141', 'M', '34f79141@cgd.com', '1'), ('144', 'c09d8142', 'M', 'c09d8142@cgd.com', '1'), ('145', '00b28143', 'M', '00b28143@cgd.com', '1'), ('146', 'b8173144', 'M', 'b8173144@cgd.com', '1'), ('147', 'c5e92145', 'M', 'c5e92145@cgd.com', '1'), ('148', 'a86e7146', 'M', 'a86e7146@cgd.com', '1'), ('149', '37aef147', 'M', '37aef147@cgd.com', '1'), ('150', '75ddb148', 'M', '75ddb148@cgd.com', '1'), ('151', '80b3a149', 'M', '80b3a149@cgd.com', '1'), ('152', 'c1119150', 'M', 'c1119150@cgd.com', '1'), ('153', '29e88151', 'M', '29e88151@cgd.com', '1'), ('154', 'fa864152', 'M', 'fa864152@cgd.com', '1'), ('155', '7e4b7153', 'M', '7e4b7153@cgd.com', '1'), ('156', 'eb8ef154', 'M', 'eb8ef154@cgd.com', '1'), ('157', '5c026155', 'M', '5c026155@cgd.com', '1'), ('158', 'ef19c156', 'M', 'ef19c156@cgd.com', '1'), ('159', 'da37f157', 'M', 'da37f157@cgd.com', '1'), ('160', 'dd586158', 'M', 'dd586158@cgd.com', '1'), ('161', 'bf998159', 'M', 'bf998159@cgd.com', '1'), ('162', 'f8388160', 'M', 'f8388160@cgd.com', '1'), ('163', '51bfd161', 'M', '51bfd161@cgd.com', '1'), ('164', '64024162', 'M', '64024162@cgd.com', '1'), ('165', 'da03b163', 'M', 'da03b163@cgd.com', '1'), ('166', '6a4be164', 'M', '6a4be164@cgd.com', '1'), ('167', 'bc594165', 'M', 'bc594165@cgd.com', '1'), ('168', '1e775166', 'M', '1e775166@cgd.com', '1'), ('169', '9bdc0167', 'M', '9bdc0167@cgd.com', '1'), ('170', '21d18168', 'M', '21d18168@cgd.com', '1'), ('171', 'e4b51169', 'M', 'e4b51169@cgd.com', '1'), ('172', 'daa46170', 'M', 'daa46170@cgd.com', '1'), ('173', 'b4287171', 'M', 'b4287171@cgd.com', '1'), ('174', '30397172', 'M', '30397172@cgd.com', '1'), ('175', '71d2e173', 'M', '71d2e173@cgd.com', '1'), ('176', '1bb81174', 'M', '1bb81174@cgd.com', '1'), ('177', '23496175', 'M', '23496175@cgd.com', '1'), ('178', '5ee3a176', 'M', '5ee3a176@cgd.com', '1'), ('179', '97a2f177', 'M', '97a2f177@cgd.com', '1'), ('180', '4c1a3178', 'M', '4c1a3178@cgd.com', '1'), ('181', 'e2804179', 'M', 'e2804179@cgd.com', '1'), ('182', 'cf5b5180', 'M', 'cf5b5180@cgd.com', '1'), ('183', '33ba3181', 'M', '33ba3181@cgd.com', '1'), ('184', 'e3ac7182', 'M', 'e3ac7182@cgd.com', '1'), ('185', 'ca8df183', 'M', 'ca8df183@cgd.com', '1'), ('186', 'a9cfd184', 'M', 'a9cfd184@cgd.com', '1'), ('187', '494b6185', 'M', '494b6185@cgd.com', '1'), ('188', '6b097186', 'M', '6b097186@cgd.com', '1'), ('189', 'ec08b187', 'M', 'ec08b187@cgd.com', '1'), ('190', '78c37188', 'M', '78c37188@cgd.com', '1'), ('191', '71a0d189', 'M', '71a0d189@cgd.com', '1'), ('192', '423b7190', 'M', '423b7190@cgd.com', '1'), ('193', 'a25db191', 'M', 'a25db191@cgd.com', '1'), ('194', '503eb192', 'M', '503eb192@cgd.com', '1'), ('195', '1b3e2193', 'M', '1b3e2193@cgd.com', '1'), ('196', '56b2d194', 'M', '56b2d194@cgd.com', '1'), ('197', '579c4195', 'M', '579c4195@cgd.com', '1'), ('198', 'b4446196', 'M', 'b4446196@cgd.com', '1'), ('199', '52bff197', 'M', '52bff197@cgd.com', '1'), ('200', '526ce198', 'M', '526ce198@cgd.com', '1'), ('201', 'd6c25199', 'M', 'd6c25199@cgd.com', '1'), ('202', 'c4e9f200', 'M', 'c4e9f200@cgd.com', '1'), ('203', '7c275201', 'M', '7c275201@cgd.com', '1'), ('204', '2a748202', 'M', '2a748202@cgd.com', '1'), ('205', 'a4d38203', 'M', 'a4d38203@cgd.com', '1'), ('206', 'd02e5204', 'M', 'd02e5204@cgd.com', '1'), ('207', '21710205', 'M', '21710205@cgd.com', '1'), ('208', 'c1f44206', 'M', 'c1f44206@cgd.com', '1'), ('209', '27a94207', 'M', '27a94207@cgd.com', '1'), ('210', '4fd15208', 'M', '4fd15208@cgd.com', '1'), ('211', '78ace209', 'M', '78ace209@cgd.com', '1'), ('212', '99518210', 'M', '99518210@cgd.com', '1'), ('213', '05466211', 'M', '05466211@cgd.com', '1'), ('214', '5641d212', 'M', '5641d212@cgd.com', '1'), ('215', 'ebe86213', 'M', 'ebe86213@cgd.com', '1'), ('216', 'a9f92214', 'M', 'a9f92214@cgd.com', '1'), ('217', '6615f215', 'M', '6615f215@cgd.com', '1'), ('218', '02077216', 'M', '02077216@cgd.com', '1'), ('219', 'bcd72217', 'M', 'bcd72217@cgd.com', '1'), ('220', '7d1c1218', 'M', '7d1c1218@cgd.com', '1'), ('221', 'c2310219', 'M', 'c2310219@cgd.com', '1'), ('222', '5cf8b220', 'M', '5cf8b220@cgd.com', '1'), ('223', 'e1b74221', 'M', 'e1b74221@cgd.com', '1'), ('224', 'bac1c222', 'M', 'bac1c222@cgd.com', '1'), ('225', 'ff91f223', 'M', 'ff91f223@cgd.com', '1'), ('226', '4f1f8224', 'M', '4f1f8224@cgd.com', '1'), ('227', 'f9665225', 'M', 'f9665225@cgd.com', '1'), ('228', 'eed7d226', 'M', 'eed7d226@cgd.com', '1'), ('229', 'add2b227', 'M', 'add2b227@cgd.com', '1'), ('230', '6051c228', 'M', '6051c228@cgd.com', '1'), ('231', 'eca69229', 'M', 'eca69229@cgd.com', '1'), ('232', '1808b230', 'M', '1808b230@cgd.com', '1'), ('233', 'dd866231', 'M', 'dd866231@cgd.com', '1'), ('234', 'cc48b232', 'M', 'cc48b232@cgd.com', '1'), ('235', '46096233', 'M', '46096233@cgd.com', '1'), ('236', 'e67cd234', 'M', 'e67cd234@cgd.com', '1'), ('237', '0f553235', 'M', '0f553235@cgd.com', '1'), ('238', '73aa8236', 'M', '73aa8236@cgd.com', '1'), ('239', '1c57f237', 'M', '1c57f237@cgd.com', '1'), ('240', '8533e238', 'M', '8533e238@cgd.com', '1'), ('241', '3f95d239', 'M', '3f95d239@cgd.com', '1'), ('242', '061b8240', 'M', '061b8240@cgd.com', '1'), ('243', '26e24241', 'M', '26e24241@cgd.com', '1'), ('244', '27599242', 'M', '27599242@cgd.com', '1'), ('245', '13e9e243', 'M', '13e9e243@cgd.com', '1'), ('246', '98987244', 'M', '98987244@cgd.com', '1'), ('247', '33375245', 'M', '33375245@cgd.com', '1'), ('248', '2bed8246', 'M', '2bed8246@cgd.com', '1'), ('249', '4bb60247', 'M', '4bb60247@cgd.com', '1'), ('250', '1b12f248', 'M', '1b12f248@cgd.com', '1'), ('251', '1c5b3249', 'M', '1c5b3249@cgd.com', '1'), ('252', '27bea250', 'M', '27bea250@cgd.com', '1'), ('253', '3ce5b251', 'M', '3ce5b251@cgd.com', '1'), ('254', '70cb9252', 'M', '70cb9252@cgd.com', '1'), ('255', '987fb253', 'M', '987fb253@cgd.com', '1'), ('256', '23260254', 'M', '23260254@cgd.com', '1'), ('257', '2b389255', 'M', '2b389255@cgd.com', '1'), ('258', 'e425f256', 'M', 'e425f256@cgd.com', '1'), ('259', 'f861a257', 'M', 'f861a257@cgd.com', '1'), ('260', 'c42d2258', 'M', 'c42d2258@cgd.com', '1'), ('261', '1b4f9259', 'M', '1b4f9259@cgd.com', '1'), ('262', '12947260', 'M', '12947260@cgd.com', '1'), ('263', '986dd261', 'M', '986dd261@cgd.com', '1'), ('264', '265e8262', 'M', '265e8262@cgd.com', '1'), ('265', 'c0a50263', 'M', 'c0a50263@cgd.com', '1'), ('266', '665d5264', 'M', '665d5264@cgd.com', '1'), ('267', 'e0248265', 'M', 'e0248265@cgd.com', '1'), ('268', 'e10bf266', 'M', 'e10bf266@cgd.com', '1'), ('269', 'afaf1267', 'M', 'afaf1267@cgd.com', '1'), ('270', 'a7840268', 'M', 'a7840268@cgd.com', '1'), ('271', 'c490a269', 'M', 'c490a269@cgd.com', '1'), ('272', 'b8208270', 'M', 'b8208270@cgd.com', '1'), ('273', 'e60b3271', 'M', 'e60b3271@cgd.com', '1'), ('274', '95a65272', 'M', '95a65272@cgd.com', '1'), ('275', '5b289273', 'M', '5b289273@cgd.com', '1'), ('276', '712e2274', 'M', '712e2274@cgd.com', '1'), ('277', '51073275', 'M', '51073275@cgd.com', '1'), ('278', 'ac438276', 'M', 'ac438276@cgd.com', '1'), ('279', 'b3532277', 'M', 'b3532277@cgd.com', '1'), ('280', '968c2278', 'M', '968c2278@cgd.com', '1'), ('281', 'ecc50279', 'M', 'ecc50279@cgd.com', '1'), ('282', '61328280', 'M', '61328280@cgd.com', '1'), ('283', 'eb064281', 'M', 'eb064281@cgd.com', '1'), ('284', '9b3b5282', 'M', '9b3b5282@cgd.com', '1'), ('285', '83b91283', 'M', '83b91283@cgd.com', '1'), ('286', 'c0598284', 'M', 'c0598284@cgd.com', '1'), ('287', '222d2285', 'M', '222d2285@cgd.com', '1'), ('288', '9865e286', 'M', '9865e286@cgd.com', '1'), ('289', '48b1c287', 'M', '48b1c287@cgd.com', '1'), ('290', '8cecd288', 'M', '8cecd288@cgd.com', '1'), ('291', '52b00289', 'M', '52b00289@cgd.com', '1'), ('292', '3c9c6290', 'M', '3c9c6290@cgd.com', '1'), ('293', '3d435291', 'M', '3d435291@cgd.com', '1'), ('294', '8eb9c292', 'M', '8eb9c292@cgd.com', '1'), ('295', 'b9a68293', 'M', 'b9a68293@cgd.com', '1'), ('296', '9939a294', 'M', '9939a294@cgd.com', '1'), ('297', '2ceca295', 'M', '2ceca295@cgd.com', '1'), ('298', '08ccd296', 'M', '08ccd296@cgd.com', '1'), ('299', '582c5297', 'M', '582c5297@cgd.com', '1'), ('300', 'd4028298', 'M', 'd4028298@cgd.com', '1'), ('301', '8d7d7299', 'M', '8d7d7299@cgd.com', '1'), ('302', 'ae30d300', 'M', 'ae30d300@cgd.com', '1'), ('303', '077e1301', 'M', '077e1301@cgd.com', '1'), ('304', '2ac16302', 'M', '2ac16302@cgd.com', '1'), ('305', 'dd6dc303', 'M', 'dd6dc303@cgd.com', '1'), ('306', '0c064304', 'M', '0c064304@cgd.com', '1'), ('307', 'd33ff305', 'M', 'd33ff305@cgd.com', '1'), ('308', 'fcf2f306', 'M', 'fcf2f306@cgd.com', '1'), ('309', '44677307', 'M', '44677307@cgd.com', '1'), ('310', 'acd88308', 'M', 'acd88308@cgd.com', '1'), ('311', '4e526309', 'M', '4e526309@cgd.com', '1'), ('312', 'd3f52310', 'M', 'd3f52310@cgd.com', '1'), ('313', '28b6a311', 'M', '28b6a311@cgd.com', '1'), ('314', '2a09a312', 'M', '2a09a312@cgd.com', '1'), ('315', 'd5745313', 'M', 'd5745313@cgd.com', '1'), ('316', '10e9f314', 'M', '10e9f314@cgd.com', '1'), ('317', '52cd9315', 'M', '52cd9315@cgd.com', '1'), ('318', '97a4a316', 'M', '97a4a316@cgd.com', '1'), ('319', 'd5768317', 'M', 'd5768317@cgd.com', '1'), ('320', '895e5318', 'M', '895e5318@cgd.com', '1'), ('321', '67a1d319', 'M', '67a1d319@cgd.com', '1'), ('322', 'fc32c320', 'M', 'fc32c320@cgd.com', '1'), ('323', 'bc186321', 'M', 'bc186321@cgd.com', '1'), ('324', '7643b322', 'M', '7643b322@cgd.com', '1'), ('325', '2376f323', 'M', '2376f323@cgd.com', '1'), ('326', '498c8324', 'M', '498c8324@cgd.com', '1'), ('327', '0d115325', 'M', '0d115325@cgd.com', '1'), ('328', 'd6bab326', 'M', 'd6bab326@cgd.com', '1'), ('329', '8206e327', 'M', '8206e327@cgd.com', '1'), ('330', 'ff058328', 'M', 'ff058328@cgd.com', '1'), ('331', 'f73a1329', 'M', 'f73a1329@cgd.com', '1'), ('332', '4d2f0330', 'M', '4d2f0330@cgd.com', '1'), ('333', 'e2b5d331', 'M', 'e2b5d331@cgd.com', '1'), ('334', 'aeb76332', 'M', 'aeb76332@cgd.com', '1'), ('335', '93784333', 'M', '93784333@cgd.com', '1'), ('336', '1f427334', 'M', '1f427334@cgd.com', '1'), ('337', 'd8120335', 'M', 'd8120335@cgd.com', '1'), ('338', '04cfd336', 'M', '04cfd336@cgd.com', '1'), ('339', 'fe9e9337', 'M', 'fe9e9337@cgd.com', '1'), ('340', '89b83338', 'M', '89b83338@cgd.com', '1'), ('341', '42e83339', 'M', '42e83339@cgd.com', '1'), ('342', '752d9340', 'M', '752d9340@cgd.com', '1'), ('343', '138f2341', 'M', '138f2341@cgd.com', '1'), ('344', 'fc412342', 'M', 'fc412342@cgd.com', '1'), ('345', 'fe058343', 'M', 'fe058343@cgd.com', '1'), ('346', 'b69e5344', 'M', 'b69e5344@cgd.com', '1'), ('347', '14d84345', 'M', '14d84345@cgd.com', '1'), ('348', '7c94e346', 'M', '7c94e346@cgd.com', '1'), ('349', '3b812347', 'M', '3b812347@cgd.com', '1'), ('350', '4d18d348', 'M', '4d18d348@cgd.com', '1'), ('351', '34d77349', 'M', '34d77349@cgd.com', '1'), ('352', '4018a350', 'M', '4018a350@cgd.com', '1'), ('353', 'a4c5e351', 'M', 'a4c5e351@cgd.com', '1'), ('354', '5f00d352', 'M', '5f00d352@cgd.com', '1'), ('355', 'd42c5353', 'M', 'd42c5353@cgd.com', '1'), ('356', '96d21354', 'M', '96d21354@cgd.com', '1'), ('357', '189fe355', 'M', '189fe355@cgd.com', '1'), ('358', '06882356', 'M', '06882356@cgd.com', '1'), ('359', '9280b357', 'M', '9280b357@cgd.com', '1'), ('360', 'f3244358', 'M', 'f3244358@cgd.com', '1'), ('361', '5a84e359', 'M', '5a84e359@cgd.com', '1'), ('362', 'f2994360', 'M', 'f2994360@cgd.com', '1'), ('363', '39cc4361', 'M', '39cc4361@cgd.com', '1'), ('364', '0fa0f362', 'M', '0fa0f362@cgd.com', '1'), ('365', '30573363', 'M', '30573363@cgd.com', '1'), ('366', 'd4db8364', 'M', 'd4db8364@cgd.com', '1'), ('367', '23c7e365', 'M', '23c7e365@cgd.com', '1'), ('368', '9a654366', 'M', '9a654366@cgd.com', '1'), ('369', 'd6655367', 'M', 'd6655367@cgd.com', '1'), ('370', 'de4fa368', 'M', 'de4fa368@cgd.com', '1'), ('371', '1b5d5369', 'M', '1b5d5369@cgd.com', '1'), ('372', '67a42370', 'M', '67a42370@cgd.com', '1'), ('373', '5a679371', 'M', '5a679371@cgd.com', '1'), ('374', 'b570c372', 'M', 'b570c372@cgd.com', '1'), ('375', '09b11373', 'M', '09b11373@cgd.com', '1'), ('376', '65f22374', 'M', '65f22374@cgd.com', '1'), ('377', '3cd7a375', 'M', '3cd7a375@cgd.com', '1'), ('378', 'e0f5a376', 'M', 'e0f5a376@cgd.com', '1'), ('379', 'eded1377', 'M', 'eded1377@cgd.com', '1'), ('380', '9c0a4378', 'M', '9c0a4378@cgd.com', '1'), ('381', '56cc7379', 'M', '56cc7379@cgd.com', '1'), ('382', 'f7e4c380', 'M', 'f7e4c380@cgd.com', '1'), ('383', 'e1436381', 'M', 'e1436381@cgd.com', '1'), ('384', '292b0382', 'M', '292b0382@cgd.com', '1'), ('385', '45754383', 'M', '45754383@cgd.com', '1'), ('386', '1f0b6384', 'M', '1f0b6384@cgd.com', '1'), ('387', 'baa5b385', 'M', 'baa5b385@cgd.com', '1'), ('388', '91f1a386', 'M', '91f1a386@cgd.com', '1'), ('389', '698fe387', 'M', '698fe387@cgd.com', '1'), ('390', '33104388', 'M', '33104388@cgd.com', '1'), ('391', '3de57389', 'M', '3de57389@cgd.com', '1'), ('392', 'ab322390', 'M', 'ab322390@cgd.com', '1'), ('393', '69f79391', 'M', '69f79391@cgd.com', '1'), ('394', '27b20392', 'M', '27b20392@cgd.com', '1'), ('395', '67122393', 'M', '67122393@cgd.com', '1'), ('396', '866ba394', 'M', '866ba394@cgd.com', '1'), ('397', 'cd09d395', 'M', 'cd09d395@cgd.com', '1'), ('398', 'dfc7e396', 'M', 'dfc7e396@cgd.com', '1'), ('399', 'd8589397', 'M', 'd8589397@cgd.com', '1'), ('400', '0c508398', 'M', '0c508398@cgd.com', '1'), ('401', 'eb947399', 'M', 'eb947399@cgd.com', '1'), ('402', '69406400', 'M', '69406400@cgd.com', '1'), ('403', '32756401', 'M', '32756401@cgd.com', '1'), ('404', 'dd4b6402', 'M', 'dd4b6402@cgd.com', '1'), ('405', '18183403', 'M', '18183403@cgd.com', '1'), ('406', '8daf6404', 'M', '8daf6404@cgd.com', '1'), ('407', '8922c405', 'M', '8922c405@cgd.com', '1'), ('408', '1c154406', 'M', '1c154406@cgd.com', '1'), ('409', '5ec77407', 'M', '5ec77407@cgd.com', '1'), ('410', '32d77408', 'M', '32d77408@cgd.com', '1'), ('411', '0683d409', 'M', '0683d409@cgd.com', '1'), ('412', '98b41410', 'M', '98b41410@cgd.com', '1'), ('413', '09e8a411', 'M', '09e8a411@cgd.com', '1'), ('414', 'f2958412', 'M', 'f2958412@cgd.com', '1'), ('415', '153a5413', 'M', '153a5413@cgd.com', '1'), ('416', '14f36414', 'M', '14f36414@cgd.com', '1'), ('417', '3747b415', 'M', '3747b415@cgd.com', '1'), ('418', '315e5416', 'M', '315e5416@cgd.com', '1'), ('419', 'ce4a5417', 'M', 'ce4a5417@cgd.com', '1'), ('420', '34058418', 'M', '34058418@cgd.com', '1'), ('421', 'fd7ac419', 'M', 'fd7ac419@cgd.com', '1'), ('422', '3ec16420', 'M', '3ec16420@cgd.com', '1'), ('423', '281b1421', 'M', '281b1421@cgd.com', '1'), ('424', '9fc3c422', 'M', '9fc3c422@cgd.com', '1'), ('425', '54c60423', 'M', '54c60423@cgd.com', '1'), ('426', '7f6a0424', 'M', '7f6a0424@cgd.com', '1'), ('427', 'b135f425', 'M', 'b135f425@cgd.com', '1'), ('428', 'a2179426', 'M', 'a2179426@cgd.com', '1'), ('429', 'fd19b427', 'M', 'fd19b427@cgd.com', '1'), ('430', '1f00c428', 'M', '1f00c428@cgd.com', '1'), ('431', '616b0429', 'M', '616b0429@cgd.com', '1'), ('432', '23f56430', 'M', '23f56430@cgd.com', '1'), ('433', '87f24431', 'M', '87f24431@cgd.com', '1'), ('434', '91a66432', 'M', '91a66432@cgd.com', '1'), ('435', '9aec7433', 'M', '9aec7433@cgd.com', '1'), ('436', 'f34c9434', 'M', 'f34c9434@cgd.com', '1'), ('437', 'b2af4435', 'M', 'b2af4435@cgd.com', '1'), ('438', '550e2436', 'M', '550e2436@cgd.com', '1'), ('439', 'c7d8b437', 'M', 'c7d8b437@cgd.com', '1'), ('440', 'c8dcf438', 'M', 'c8dcf438@cgd.com', '1'), ('441', 'b766c439', 'M', 'b766c439@cgd.com', '1'), ('442', 'd9dc6440', 'M', 'd9dc6440@cgd.com', '1'), ('443', '465c7441', 'M', '465c7441@cgd.com', '1'), ('444', '83407442', 'M', '83407442@cgd.com', '1'), ('445', '9444c443', 'M', '9444c443@cgd.com', '1'), ('446', 'fbca5444', 'M', 'fbca5444@cgd.com', '1'), ('447', '32193445', 'M', '32193445@cgd.com', '1'), ('448', 'de0a3446', 'M', 'de0a3446@cgd.com', '1'), ('449', '8a1cb447', 'M', '8a1cb447@cgd.com', '1'), ('450', '367a8448', 'M', '367a8448@cgd.com', '1'), ('451', '74d0f449', 'M', '74d0f449@cgd.com', '1'), ('452', 'a2896450', 'M', 'a2896450@cgd.com', '1'), ('453', '71fe5451', 'M', '71fe5451@cgd.com', '1'), ('454', '09734452', 'M', '09734452@cgd.com', '1'), ('455', '6ad0d453', 'M', '6ad0d453@cgd.com', '1'), ('456', '11701454', 'M', '11701454@cgd.com', '1'), ('457', '8d921455', 'M', '8d921455@cgd.com', '1'), ('458', '2b2f5456', 'M', '2b2f5456@cgd.com', '1'), ('459', '42c30457', 'M', '42c30457@cgd.com', '1'), ('460', '5e299458', 'M', '5e299458@cgd.com', '1'), ('461', 'd2f1c459', 'M', 'd2f1c459@cgd.com', '1'), ('462', '6635b460', 'M', '6635b460@cgd.com', '1'), ('463', 'be046461', 'M', 'be046461@cgd.com', '1'), ('464', 'e2353462', 'M', 'e2353462@cgd.com', '1'), ('465', 'f473a463', 'M', 'f473a463@cgd.com', '1'), ('466', '5e38a464', 'M', '5e38a464@cgd.com', '1'), ('467', 'c32d1465', 'M', 'c32d1465@cgd.com', '1'), ('468', '8de9a466', 'M', '8de9a466@cgd.com', '1'), ('469', '9c371467', 'M', '9c371467@cgd.com', '1'), ('470', '553a0468', 'M', '553a0468@cgd.com', '1'), ('471', '5705f469', 'M', '5705f469@cgd.com', '1'), ('472', 'b82e7470', 'M', 'b82e7470@cgd.com', '1'), ('473', '78f90471', 'M', '78f90471@cgd.com', '1'), ('474', '24165472', 'M', '24165472@cgd.com', '1'), ('475', '55ff9473', 'M', '55ff9473@cgd.com', '1'), ('476', 'bb132474', 'M', 'bb132474@cgd.com', '1'), ('477', '02190475', 'M', '02190475@cgd.com', '1'), ('478', '23973476', 'M', '23973476@cgd.com', '1'), ('479', '04eea477', 'M', '04eea477@cgd.com', '1'), ('480', 'fb9d0478', 'M', 'fb9d0478@cgd.com', '1'), ('481', '3f559479', 'M', '3f559479@cgd.com', '1'), ('482', '36007480', 'M', '36007480@cgd.com', '1'), ('483', '0be07481', 'M', '0be07481@cgd.com', '1'), ('484', '0a2bc482', 'M', '0a2bc482@cgd.com', '1'), ('485', 'c5590483', 'M', 'c5590483@cgd.com', '1'), ('486', 'ca81a484', 'M', 'ca81a484@cgd.com', '1'), ('487', '9ae86485', 'M', '9ae86485@cgd.com', '1'), ('488', '59521486', 'M', '59521486@cgd.com', '1'), ('489', '7e1e4487', 'M', '7e1e4487@cgd.com', '1'), ('490', 'b85f8488', 'M', 'b85f8488@cgd.com', '1'), ('491', '1dbbf489', 'M', '1dbbf489@cgd.com', '1'), ('492', 'b20dc490', 'M', 'b20dc490@cgd.com', '1'), ('493', 'f7e9b491', 'M', 'f7e9b491@cgd.com', '1'), ('494', 'b8dad492', 'M', 'b8dad492@cgd.com', '1'), ('495', '51047493', 'M', '51047493@cgd.com', '1'), ('496', '81398494', 'M', '81398494@cgd.com', '1'), ('497', 'e35bd495', 'M', 'e35bd495@cgd.com', '1'), ('498', 'd4015496', 'M', 'd4015496@cgd.com', '1'), ('499', '20205497', 'M', '20205497@cgd.com', '1'), ('500', 'da073498', 'M', 'da073498@cgd.com', '1'), ('501', '0e705499', 'M', '0e705499@cgd.com', '1'), ('502', '31bf3500', 'M', '31bf3500@cgd.com', '1'), ('503', '4faf9501', 'M', '4faf9501@cgd.com', '1'), ('504', '73de3502', 'M', '73de3502@cgd.com', '1'), ('505', 'b99d2503', 'M', 'b99d2503@cgd.com', '1'), ('506', '9c905504', 'M', '9c905504@cgd.com', '1'), ('507', 'd96c3505', 'M', 'd96c3505@cgd.com', '1'), ('508', '7f42b506', 'M', '7f42b506@cgd.com', '1'), ('509', '40cbe507', 'M', '40cbe507@cgd.com', '1'), ('510', 'ffbd9508', 'M', 'ffbd9508@cgd.com', '1'), ('511', '5aef6509', 'M', '5aef6509@cgd.com', '1'), ('512', '743f5510', 'M', '743f5510@cgd.com', '1'), ('513', '8a290511', 'M', '8a290511@cgd.com', '1'), ('514', '08b18512', 'M', '08b18512@cgd.com', '1'), ('515', '8f5e3513', 'M', '8f5e3513@cgd.com', '1'), ('516', '23dd1514', 'M', '23dd1514@cgd.com', '1'), ('517', '2f03c515', 'M', '2f03c515@cgd.com', '1'), ('518', '311bf516', 'M', '311bf516@cgd.com', '1'), ('519', 'b2159517', 'M', 'b2159517@cgd.com', '1'), ('520', '22d3d518', 'M', '22d3d518@cgd.com', '1'), ('521', 'bd421519', 'M', 'bd421519@cgd.com', '1'), ('522', '60150520', 'M', '60150520@cgd.com', '1'), ('523', 'b8b29521', 'M', 'b8b29521@cgd.com', '1'), ('524', '4e64a522', 'M', '4e64a522@cgd.com', '1'), ('525', '05d72523', 'M', '05d72523@cgd.com', '1'), ('526', '82c3b524', 'M', '82c3b524@cgd.com', '1'), ('527', 'db21d525', 'M', 'db21d525@cgd.com', '1'), ('528', '9f438526', 'M', '9f438526@cgd.com', '1'), ('529', '1005b527', 'M', '1005b527@cgd.com', '1'), ('530', 'cfb17528', 'M', 'cfb17528@cgd.com', '1'), ('531', 'b36da529', 'M', 'b36da529@cgd.com', '1'), ('532', 'f0901530', 'M', 'f0901530@cgd.com', '1'), ('533', 'b5769531', 'M', 'b5769531@cgd.com', '1'), ('534', 'f0ad8532', 'M', 'f0ad8532@cgd.com', '1'), ('535', 'f38f1533', 'M', 'f38f1533@cgd.com', '1'), ('536', '4e7f4534', 'M', '4e7f4534@cgd.com', '1'), ('537', 'e0f1d535', 'M', 'e0f1d535@cgd.com', '1'), ('538', 'b869e536', 'M', 'b869e536@cgd.com', '1'), ('539', '04fd5537', 'M', '04fd5537@cgd.com', '1'), ('540', 'da616538', 'M', 'da616538@cgd.com', '1'), ('541', '42804539', 'M', '42804539@cgd.com', '1'), ('542', '24e8b540', 'M', '24e8b540@cgd.com', '1'), ('543', '28502541', 'M', '28502541@cgd.com', '1'), ('544', '0fdc3542', 'M', '0fdc3542@cgd.com', '1'), ('545', '71ddb543', 'M', '71ddb543@cgd.com', '1'), ('546', 'f0e88544', 'M', 'f0e88544@cgd.com', '1'), ('547', '0bd9b545', 'M', '0bd9b545@cgd.com', '1'), ('548', '881d7546', 'M', '881d7546@cgd.com', '1'), ('549', 'bbf92547', 'M', 'bbf92547@cgd.com', '1'), ('550', '1501d548', 'M', '1501d548@cgd.com', '1'), ('551', '76b81549', 'M', '76b81549@cgd.com', '1'), ('552', '650f3550', 'M', '650f3550@cgd.com', '1'), ('553', '8ad39551', 'M', '8ad39551@cgd.com', '1'), ('554', '323d5552', 'M', '323d5552@cgd.com', '1'), ('555', 'd1e0b553', 'M', 'd1e0b553@cgd.com', '1'), ('556', '39f20554', 'M', '39f20554@cgd.com', '1'), ('557', '0a50e555', 'M', '0a50e555@cgd.com', '1'), ('558', 'fdae3556', 'M', 'fdae3556@cgd.com', '1'), ('559', 'a654b557', 'M', 'a654b557@cgd.com', '1'), ('560', 'ecf44558', 'M', 'ecf44558@cgd.com', '1'), ('561', '29f05559', 'M', '29f05559@cgd.com', '1'), ('562', 'd2aa1560', 'M', 'd2aa1560@cgd.com', '1'), ('563', '45d3e561', 'M', '45d3e561@cgd.com', '1'), ('564', '45c85562', 'M', '45c85562@cgd.com', '1'), ('565', '7a163563', 'M', '7a163563@cgd.com', '1'), ('566', '2b25c564', 'M', '2b25c564@cgd.com', '1'), ('567', '43fb7565', 'M', '43fb7565@cgd.com', '1'), ('568', '581f4566', 'M', '581f4566@cgd.com', '1'), ('569', 'c689c567', 'M', 'c689c567@cgd.com', '1'), ('570', '61023568', 'M', '61023568@cgd.com', '1'), ('571', '4297c569', 'M', '4297c569@cgd.com', '1'), ('572', 'c7f2a570', 'M', 'c7f2a570@cgd.com', '1'), ('573', 'a44d8571', 'M', 'a44d8571@cgd.com', '1'), ('574', '6816f572', 'M', '6816f572@cgd.com', '1'), ('575', 'b791c573', 'M', 'b791c573@cgd.com', '1'), ('576', '07320574', 'M', '07320574@cgd.com', '1'), ('577', '12815575', 'M', '12815575@cgd.com', '1'), ('578', 'f4edc576', 'M', 'f4edc576@cgd.com', '1'), ('579', '67a7e577', 'M', '67a7e577@cgd.com', '1'), ('580', '23784578', 'M', '23784578@cgd.com', '1'), ('581', '0fcd1579', 'M', '0fcd1579@cgd.com', '1'), ('582', '0e10c580', 'M', '0e10c580@cgd.com', '1'), ('583', '2febf581', 'M', '2febf581@cgd.com', '1'), ('584', '0a7b4582', 'M', '0a7b4582@cgd.com', '1'), ('585', 'fbeab583', 'M', 'fbeab583@cgd.com', '1'), ('586', '0c1db584', 'M', '0c1db584@cgd.com', '1'), ('587', '8cf63585', 'M', '8cf63585@cgd.com', '1'), ('588', 'f34ad586', 'M', 'f34ad586@cgd.com', '1'), ('589', '296a0587', 'M', '296a0587@cgd.com', '1'), ('590', 'f54c5588', 'M', 'f54c5588@cgd.com', '1'), ('591', '1622c589', 'M', '1622c589@cgd.com', '1'), ('592', '5aba9590', 'M', '5aba9590@cgd.com', '1'), ('593', 'a14d9591', 'M', 'a14d9591@cgd.com', '1'), ('594', 'e8221592', 'M', 'e8221592@cgd.com', '1'), ('595', '9f2b1593', 'M', '9f2b1593@cgd.com', '1'), ('596', '40600594', 'M', '40600594@cgd.com', '1'), ('597', 'dbd41595', 'M', 'dbd41595@cgd.com', '1'), ('598', 'f0c4c596', 'M', 'f0c4c596@cgd.com', '1'), ('599', '80570597', 'M', '80570597@cgd.com', '1'), ('600', 'b7c30598', 'M', 'b7c30598@cgd.com', '1'), ('601', '13429599', 'M', '13429599@cgd.com', '1'), ('602', '46faf600', 'M', '46faf600@cgd.com', '1'), ('603', '415ca601', 'M', '415ca601@cgd.com', '1'), ('604', '0751e602', 'M', '0751e602@cgd.com', '1'), ('605', '623db603', 'M', '623db603@cgd.com', '1'), ('606', 'acda5604', 'M', 'acda5604@cgd.com', '1'), ('607', 'b0420605', 'M', 'b0420605@cgd.com', '1'), ('608', '8262c606', 'M', '8262c606@cgd.com', '1'), ('609', '31e61607', 'M', '31e61607@cgd.com', '1'), ('610', '06f0a608', 'M', '06f0a608@cgd.com', '1'), ('611', 'f2034609', 'M', 'f2034609@cgd.com', '1'), ('612', '21d61610', 'M', '21d61610@cgd.com', '1'), ('613', '3fabb611', 'M', '3fabb611@cgd.com', '1'), ('614', '6266f612', 'M', '6266f612@cgd.com', '1'), ('615', 'ebcde613', 'M', 'ebcde613@cgd.com', '1'), ('616', 'a3123614', 'M', 'a3123614@cgd.com', '1'), ('617', 'e1bd7615', 'M', 'e1bd7615@cgd.com', '1'), ('618', 'b6b88616', 'M', 'b6b88616@cgd.com', '1'), ('619', 'f3337617', 'M', 'f3337617@cgd.com', '1'), ('620', 'af080618', 'M', 'af080618@cgd.com', '1'), ('621', '6e2fd619', 'M', '6e2fd619@cgd.com', '1'), ('622', 'ab0af620', 'M', 'ab0af620@cgd.com', '1'), ('623', 'dc4ae621', 'M', 'dc4ae621@cgd.com', '1'), ('624', 'c77b0622', 'M', 'c77b0622@cgd.com', '1'), ('625', '782a8623', 'M', '782a8623@cgd.com', '1'), ('626', 'fb977624', 'M', 'fb977624@cgd.com', '1'), ('627', '24997625', 'M', '24997625@cgd.com', '1'), ('628', 'a7c14626', 'M', 'a7c14626@cgd.com', '1'), ('629', '60b18627', 'M', '60b18627@cgd.com', '1'), ('630', '15ea8628', 'M', '15ea8628@cgd.com', '1'), ('631', '58112629', 'M', '58112629@cgd.com', '1'), ('632', '97645630', 'M', '97645630@cgd.com', '1'), ('633', 'f5fa9631', 'M', 'f5fa9631@cgd.com', '1'), ('634', 'c80e5632', 'M', 'c80e5632@cgd.com', '1'), ('635', '7f105633', 'M', '7f105633@cgd.com', '1'), ('636', '4236e634', 'M', '4236e634@cgd.com', '1'), ('637', 'a13df635', 'M', 'a13df635@cgd.com', '1'), ('638', '4523a636', 'M', '4523a636@cgd.com', '1'), ('639', '0180f637', 'M', '0180f637@cgd.com', '1'), ('640', 'd194a638', 'M', 'd194a638@cgd.com', '1'), ('641', '0c19f639', 'M', '0c19f639@cgd.com', '1'), ('642', 'f05b1640', 'M', 'f05b1640@cgd.com', '1'), ('643', '16da9641', 'M', '16da9641@cgd.com', '1'), ('644', '525a3642', 'M', '525a3642@cgd.com', '1'), ('645', 'cde8f643', 'M', 'cde8f643@cgd.com', '1'), ('646', '3d2c2644', 'M', '3d2c2644@cgd.com', '1'), ('647', 'e0095645', 'M', 'e0095645@cgd.com', '1'), ('648', '4bd41646', 'M', '4bd41646@cgd.com', '1'), ('649', '9f052647', 'M', '9f052647@cgd.com', '1'), ('650', '89308648', 'M', '89308648@cgd.com', '1'), ('651', '75264649', 'M', '75264649@cgd.com', '1'), ('652', 'ea928650', 'M', 'ea928650@cgd.com', '1'), ('653', '2f95e651', 'M', '2f95e651@cgd.com', '1'), ('654', '11344652', 'M', '11344652@cgd.com', '1'), ('655', '7a8d9653', 'M', '7a8d9653@cgd.com', '1'), ('656', 'e9d82654', 'M', 'e9d82654@cgd.com', '1'), ('657', 'ab617655', 'M', 'ab617655@cgd.com', '1'), ('658', '58b91656', 'M', '58b91656@cgd.com', '1'), ('659', '40168657', 'M', '40168657@cgd.com', '1'), ('660', 'b0093658', 'M', 'b0093658@cgd.com', '1'), ('661', '66613659', 'M', '66613659@cgd.com', '1'), ('662', '836ad660', 'M', '836ad660@cgd.com', '1'), ('663', 'f679d661', 'M', 'f679d661@cgd.com', '1'), ('664', '916c1662', 'M', '916c1662@cgd.com', '1'), ('665', '97332663', 'M', '97332663@cgd.com', '1'), ('666', '5c0b7664', 'M', '5c0b7664@cgd.com', '1'), ('667', '03096665', 'M', '03096665@cgd.com', '1'), ('668', '522dd666', 'M', '522dd666@cgd.com', '1'), ('669', 'c2b96667', 'M', 'c2b96667@cgd.com', '1'), ('670', '491f2668', 'M', '491f2668@cgd.com', '1'), ('671', '833b2669', 'M', '833b2669@cgd.com', '1'), ('672', '7d302670', 'M', '7d302670@cgd.com', '1'), ('673', '83b9b671', 'M', '83b9b671@cgd.com', '1'), ('674', '9a72e672', 'M', '9a72e672@cgd.com', '1'), ('675', '4398b673', 'M', '4398b673@cgd.com', '1'), ('676', '90c3b674', 'M', '90c3b674@cgd.com', '1'), ('677', 'be0e3675', 'M', 'be0e3675@cgd.com', '1'), ('678', '14589676', 'M', '14589676@cgd.com', '1'), ('679', 'c6bde677', 'M', 'c6bde677@cgd.com', '1'), ('680', 'abcae678', 'M', 'abcae678@cgd.com', '1'), ('681', 'dfca0679', 'M', 'dfca0679@cgd.com', '1'), ('682', '12961680', 'M', '12961680@cgd.com', '1'), ('683', 'dbbf6681', 'M', 'dbbf6681@cgd.com', '1'), ('684', '26597682', 'M', '26597682@cgd.com', '1'), ('685', '706b9683', 'M', '706b9683@cgd.com', '1'), ('686', 'eec77684', 'M', 'eec77684@cgd.com', '1'), ('687', '49179685', 'M', '49179685@cgd.com', '1'), ('688', '3a0e4686', 'M', '3a0e4686@cgd.com', '1'), ('689', '49e21687', 'M', '49e21687@cgd.com', '1'), ('690', 'd115b688', 'M', 'd115b688@cgd.com', '1'), ('691', '97301689', 'M', '97301689@cgd.com', '1'), ('692', '887b0690', 'M', '887b0690@cgd.com', '1'), ('693', '547c9691', 'M', '547c9691@cgd.com', '1'), ('694', 'a7d41692', 'M', 'a7d41692@cgd.com', '1'), ('695', '4f3a9693', 'M', '4f3a9693@cgd.com', '1'), ('696', '72c0a694', 'M', '72c0a694@cgd.com', '1'), ('697', '3daa4695', 'M', '3daa4695@cgd.com', '1'), ('698', '0cf01696', 'M', '0cf01696@cgd.com', '1'), ('699', 'ad1d7697', 'M', 'ad1d7697@cgd.com', '1'), ('700', '50625698', 'M', '50625698@cgd.com', '1'), ('701', 'b5e32699', 'M', 'b5e32699@cgd.com', '1'), ('702', 'c43d7700', 'M', 'c43d7700@cgd.com', '1'), ('703', '5474b701', 'M', '5474b701@cgd.com', '1'), ('704', '51972702', 'M', '51972702@cgd.com', '1'), ('705', 'ca241703', 'M', 'ca241703@cgd.com', '1'), ('706', 'b38d8704', 'M', 'b38d8704@cgd.com', '1'), ('707', 'a76cd705', 'M', 'a76cd705@cgd.com', '1'), ('708', '90081706', 'M', '90081706@cgd.com', '1'), ('709', '6bec6707', 'M', '6bec6707@cgd.com', '1'), ('710', '9b9c5708', 'M', '9b9c5708@cgd.com', '1'), ('711', '16f23709', 'M', '16f23709@cgd.com', '1'), ('712', '67656710', 'M', '67656710@cgd.com', '1'), ('713', '7ed90711', 'M', '7ed90711@cgd.com', '1'), ('714', '95892712', 'M', '95892712@cgd.com', '1'), ('715', '975b2713', 'M', '975b2713@cgd.com', '1'), ('716', '584e5714', 'M', '584e5714@cgd.com', '1'), ('717', '9ff4b715', 'M', '9ff4b715@cgd.com', '1'), ('718', 'b65e1716', 'M', 'b65e1716@cgd.com', '1'), ('719', 'b9ac6717', 'M', 'b9ac6717@cgd.com', '1'), ('720', 'f38c8718', 'M', 'f38c8718@cgd.com', '1'), ('721', 'c7b1f719', 'M', 'c7b1f719@cgd.com', '1'), ('722', '5b784720', 'M', '5b784720@cgd.com', '1'), ('723', '83147721', 'M', '83147721@cgd.com', '1'), ('724', '4e62e722', 'M', '4e62e722@cgd.com', '1'), ('725', '37fa4723', 'M', '37fa4723@cgd.com', '1'), ('726', '8f1d7724', 'M', '8f1d7724@cgd.com', '1'), ('727', '8992d725', 'M', '8992d725@cgd.com', '1'), ('728', '43ea2726', 'M', '43ea2726@cgd.com', '1'), ('729', 'b25fc727', 'M', 'b25fc727@cgd.com', '1'), ('730', '8f009728', 'M', '8f009728@cgd.com', '1'), ('731', '25540729', 'M', '25540729@cgd.com', '1'), ('732', '6490d730', 'M', '6490d730@cgd.com', '1'), ('733', '55cc5731', 'M', '55cc5731@cgd.com', '1'), ('734', '33370732', 'M', '33370732@cgd.com', '1'), ('735', 'cd0b8733', 'M', 'cd0b8733@cgd.com', '1'), ('736', '64a57734', 'M', '64a57734@cgd.com', '1'), ('737', '8e117735', 'M', '8e117735@cgd.com', '1'), ('738', '9f9ef736', 'M', '9f9ef736@cgd.com', '1'), ('739', 'cbff7737', 'M', 'cbff7737@cgd.com', '1'), ('740', '39a49738', 'M', '39a49738@cgd.com', '1'), ('741', 'c8012739', 'M', 'c8012739@cgd.com', '1'), ('742', '00c82740', 'M', '00c82740@cgd.com', '1'), ('743', '1bee5741', 'M', '1bee5741@cgd.com', '1'), ('744', '062da742', 'M', '062da742@cgd.com', '1'), ('745', '42d95743', 'M', '42d95743@cgd.com', '1'), ('746', 'e3aa7744', 'M', 'e3aa7744@cgd.com', '1'), ('747', '8d1be745', 'M', '8d1be745@cgd.com', '1'), ('748', '4e96e746', 'M', '4e96e746@cgd.com', '1'), ('749', 'ec164747', 'M', 'ec164747@cgd.com', '1'), ('750', '35c0e748', 'M', '35c0e748@cgd.com', '1'), ('751', 'c166b749', 'M', 'c166b749@cgd.com', '1'), ('752', 'c43a7750', 'M', 'c43a7750@cgd.com', '1'), ('753', '972c0751', 'M', '972c0751@cgd.com', '1'), ('754', '669ad752', 'M', '669ad752@cgd.com', '1'), ('755', 'b2d00753', 'M', 'b2d00753@cgd.com', '1'), ('756', 'd354d754', 'M', 'd354d754@cgd.com', '1'), ('757', 'c2119755', 'M', 'c2119755@cgd.com', '1'), ('758', 'ed004756', 'M', 'ed004756@cgd.com', '1'), ('759', '95a0b757', 'M', '95a0b757@cgd.com', '1'), ('760', '973b5758', 'M', '973b5758@cgd.com', '1'), ('761', '644d3759', 'M', '644d3759@cgd.com', '1'), ('762', '083d1760', 'M', '083d1760@cgd.com', '1'), ('763', '723d3761', 'M', '723d3761@cgd.com', '1'), ('764', 'd1277762', 'M', 'd1277762@cgd.com', '1'), ('765', '613fa763', 'M', '613fa763@cgd.com', '1'), ('766', '12e02764', 'M', '12e02764@cgd.com', '1'), ('767', '57a35765', 'M', '57a35765@cgd.com', '1'), ('768', 'f828a766', 'M', 'f828a766@cgd.com', '1'), ('769', 'eae1a767', 'M', 'eae1a767@cgd.com', '1'), ('770', '25fa3768', 'M', '25fa3768@cgd.com', '1'), ('771', '73a0c769', 'M', '73a0c769@cgd.com', '1'), ('772', 'b779d770', 'M', 'b779d770@cgd.com', '1'), ('773', 'a2620771', 'M', 'a2620771@cgd.com', '1'), ('774', 'a8666772', 'M', 'a8666772@cgd.com', '1'), ('775', 'dbe7d773', 'M', 'dbe7d773@cgd.com', '1'), ('776', '0463b774', 'M', '0463b774@cgd.com', '1'), ('777', 'bffa2775', 'M', 'bffa2775@cgd.com', '1'), ('778', '43d62776', 'M', '43d62776@cgd.com', '1'), ('779', '1bc43777', 'M', '1bc43777@cgd.com', '1'), ('780', '7db9e778', 'M', '7db9e778@cgd.com', '1'), ('781', 'a63d0779', 'M', 'a63d0779@cgd.com', '1'), ('782', 'c54f0780', 'M', 'c54f0780@cgd.com', '1'), ('783', '97409781', 'M', '97409781@cgd.com', '1'), ('784', '0ee77782', 'M', '0ee77782@cgd.com', '1'), ('785', '28baa783', 'M', '28baa783@cgd.com', '1'), ('786', 'e1d2d784', 'M', 'e1d2d784@cgd.com', '1'), ('787', '82de4785', 'M', '82de4785@cgd.com', '1'), ('788', '850ca786', 'M', '850ca786@cgd.com', '1'), ('789', 'fa993787', 'M', 'fa993787@cgd.com', '1'), ('790', 'f8d50788', 'M', 'f8d50788@cgd.com', '1'), ('791', 'fb319789', 'M', 'fb319789@cgd.com', '1'), ('792', 'ef3e4790', 'M', 'ef3e4790@cgd.com', '1'), ('793', '119ca791', 'M', '119ca791@cgd.com', '1'), ('794', '5998f792', 'M', '5998f792@cgd.com', '1'), ('795', '3c7e6793', 'M', '3c7e6793@cgd.com', '1'), ('796', 'cd532794', 'M', 'cd532794@cgd.com', '1'), ('797', '1d89d795', 'M', '1d89d795@cgd.com', '1'), ('798', 'bbe48796', 'M', 'bbe48796@cgd.com', '1'), ('799', 'ab434797', 'M', 'ab434797@cgd.com', '1'), ('800', 'd78a4798', 'M', 'd78a4798@cgd.com', '1'), ('801', '465de799', 'M', '465de799@cgd.com', '1'), ('802', '9de23800', 'M', '9de23800@cgd.com', '1'), ('803', '2d41d801', 'M', '2d41d801@cgd.com', '1'), ('804', 'a4d83802', 'M', 'a4d83802@cgd.com', '1'), ('805', '0c4b0803', 'M', '0c4b0803@cgd.com', '1'), ('806', '4b43b804', 'M', '4b43b804@cgd.com', '1'), ('807', '7730b805', 'M', '7730b805@cgd.com', '1'), ('808', '005e8806', 'M', '005e8806@cgd.com', '1'), ('809', '21630807', 'M', '21630807@cgd.com', '1'), ('810', 'f03c4808', 'M', 'f03c4808@cgd.com', '1'), ('811', '4112b809', 'M', '4112b809@cgd.com', '1'), ('812', 'f30d6810', 'M', 'f30d6810@cgd.com', '1'), ('813', 'd1d38811', 'M', 'd1d38811@cgd.com', '1'), ('814', 'd16c5812', 'M', 'd16c5812@cgd.com', '1'), ('815', 'd0a1e813', 'M', 'd0a1e813@cgd.com', '1'), ('816', 'b8628814', 'M', 'b8628814@cgd.com', '1'), ('817', '0079e815', 'M', '0079e815@cgd.com', '1'), ('818', 'c8004816', 'M', 'c8004816@cgd.com', '1'), ('819', '0270b817', 'M', '0270b817@cgd.com', '1'), ('820', '425bd818', 'M', '425bd818@cgd.com', '1'), ('821', 'a7ae2819', 'M', 'a7ae2819@cgd.com', '1'), ('822', '023ab820', 'M', '023ab820@cgd.com', '1'), ('823', '90d74821', 'M', '90d74821@cgd.com', '1'), ('824', 'f90aa822', 'M', 'f90aa822@cgd.com', '1'), ('825', '53e00823', 'M', '53e00823@cgd.com', '1'), ('826', 'dd361824', 'M', 'dd361824@cgd.com', '1'), ('827', '72b8b825', 'M', '72b8b825@cgd.com', '1'), ('828', 'e077a826', 'M', 'e077a826@cgd.com', '1'), ('829', '5dd32827', 'M', '5dd32827@cgd.com', '1'), ('830', '5208e828', 'M', '5208e828@cgd.com', '1'), ('831', '01b32829', 'M', '01b32829@cgd.com', '1'), ('832', 'c3830830', 'M', 'c3830830@cgd.com', '1'), ('833', '9bd06831', 'M', '9bd06831@cgd.com', '1'), ('834', 'cda04832', 'M', 'cda04832@cgd.com', '1'), ('835', 'e8927833', 'M', 'e8927833@cgd.com', '1'), ('836', '90cbb834', 'M', '90cbb834@cgd.com', '1'), ('837', '34e07835', 'M', '34e07835@cgd.com', '1'), ('838', '39ce7836', 'M', '39ce7836@cgd.com', '1'), ('839', '66113837', 'M', '66113837@cgd.com', '1'), ('840', 'bff99838', 'M', 'bff99838@cgd.com', '1'), ('841', '050fc839', 'M', '050fc839@cgd.com', '1'), ('842', '6c255840', 'M', '6c255840@cgd.com', '1'), ('843', 'c1d2c841', 'M', 'c1d2c841@cgd.com', '1'), ('844', '1a531842', 'M', '1a531842@cgd.com', '1'), ('845', '13519843', 'M', '13519843@cgd.com', '1'), ('846', 'd4dc7844', 'M', 'd4dc7844@cgd.com', '1'), ('847', '6cda6845', 'M', '6cda6845@cgd.com', '1'), ('848', '1c889846', 'M', '1c889846@cgd.com', '1'), ('849', '72874847', 'M', '72874847@cgd.com', '1'), ('850', 'e69ae848', 'M', 'e69ae848@cgd.com', '1'), ('851', '7d3b3849', 'M', '7d3b3849@cgd.com', '1'), ('852', '69a52850', 'M', '69a52850@cgd.com', '1'), ('853', 'daa9c851', 'M', 'daa9c851@cgd.com', '1'), ('854', 'b8fea852', 'M', 'b8fea852@cgd.com', '1'), ('855', '07d7f853', 'M', '07d7f853@cgd.com', '1'), ('856', '8a1e5854', 'M', '8a1e5854@cgd.com', '1'), ('857', '6c694855', 'M', '6c694855@cgd.com', '1'), ('858', '3f36d856', 'M', '3f36d856@cgd.com', '1'), ('859', 'cec78857', 'M', 'cec78857@cgd.com', '1'), ('860', '900c0858', 'M', '900c0858@cgd.com', '1'), ('861', '4e0ce859', 'M', '4e0ce859@cgd.com', '1'), ('862', 'cc4e9860', 'M', 'cc4e9860@cgd.com', '1'), ('863', '19134861', 'M', '19134861@cgd.com', '1'), ('864', 'fb3d4862', 'M', 'fb3d4862@cgd.com', '1'), ('865', 'fe973863', 'M', 'fe973863@cgd.com', '1'), ('866', '6a581864', 'M', '6a581864@cgd.com', '1'), ('867', '5cde7865', 'M', '5cde7865@cgd.com', '1'), ('868', 'b777e866', 'M', 'b777e866@cgd.com', '1'), ('869', 'f6dfa867', 'M', 'f6dfa867@cgd.com', '1'), ('870', '76e42868', 'M', '76e42868@cgd.com', '1'), ('871', '2b137869', 'M', '2b137869@cgd.com', '1'), ('872', '74cdb870', 'M', '74cdb870@cgd.com', '1'), ('873', '89ca1871', 'M', '89ca1871@cgd.com', '1'), ('874', 'd3986872', 'M', 'd3986872@cgd.com', '1'), ('875', '53cb8873', 'M', '53cb8873@cgd.com', '1'), ('876', 'bc551874', 'M', 'bc551874@cgd.com', '1'), ('877', 'e0781875', 'M', 'e0781875@cgd.com', '1'), ('878', '30140876', 'M', '30140876@cgd.com', '1'), ('879', '4807a877', 'M', '4807a877@cgd.com', '1'), ('880', '46a64878', 'M', '46a64878@cgd.com', '1'), ('881', 'e4ef2879', 'M', 'e4ef2879@cgd.com', '1'), ('882', '0f414880', 'M', '0f414880@cgd.com', '1'), ('883', '28dc0881', 'M', '28dc0881@cgd.com', '1'), ('884', '52934882', 'M', '52934882@cgd.com', '1'), ('885', '68550883', 'M', '68550883@cgd.com', '1'), ('886', 'd8a6a884', 'M', 'd8a6a884@cgd.com', '1'), ('887', '7ab80885', 'M', '7ab80885@cgd.com', '1'), ('888', '6ed0f886', 'M', '6ed0f886@cgd.com', '1'), ('889', 'd5cf9887', 'M', 'd5cf9887@cgd.com', '1'), ('890', '50581888', 'M', '50581888@cgd.com', '1'), ('891', '38bd9889', 'M', '38bd9889@cgd.com', '1'), ('892', '326b2890', 'M', '326b2890@cgd.com', '1'), ('893', '6a0c0891', 'M', '6a0c0891@cgd.com', '1'), ('894', 'c479d892', 'M', 'c479d892@cgd.com', '1'), ('895', 'd2419893', 'M', 'd2419893@cgd.com', '1'), ('896', 'ad660894', 'M', 'ad660894@cgd.com', '1'), ('897', '01b99895', 'M', '01b99895@cgd.com', '1'), ('898', '72275896', 'M', '72275896@cgd.com', '1'), ('899', '10a12897', 'M', '10a12897@cgd.com', '1'), ('900', 'ec75b898', 'M', 'ec75b898@cgd.com', '1'), ('901', '77f25899', 'M', '77f25899@cgd.com', '1'), ('902', 'dfca3900', 'M', 'dfca3900@cgd.com', '1'), ('903', '07632901', 'M', '07632901@cgd.com', '1'), ('904', '44838902', 'M', '44838902@cgd.com', '1'), ('905', '533df903', 'M', '533df903@cgd.com', '1'), ('906', 'cfe13904', 'M', 'cfe13904@cgd.com', '1'), ('907', '7ea19905', 'M', '7ea19905@cgd.com', '1'), ('908', '15e8c906', 'M', '15e8c906@cgd.com', '1'), ('909', '198c7907', 'M', '198c7907@cgd.com', '1'), ('910', '7ede2908', 'M', '7ede2908@cgd.com', '1'), ('911', '549db909', 'M', '549db909@cgd.com', '1'), ('912', 'b88d3910', 'M', 'b88d3910@cgd.com', '1'), ('913', '3819e911', 'M', '3819e911@cgd.com', '1'), ('914', 'c250e912', 'M', 'c250e912@cgd.com', '1'), ('915', '5692d913', 'M', '5692d913@cgd.com', '1'), ('916', '36cb2914', 'M', '36cb2914@cgd.com', '1'), ('917', 'ea1e9915', 'M', 'ea1e9915@cgd.com', '1'), ('918', 'e5cf7916', 'M', 'e5cf7916@cgd.com', '1'), ('919', '9985c917', 'M', '9985c917@cgd.com', '1'), ('920', '01f17918', 'M', '01f17918@cgd.com', '1'), ('921', '6e0bc919', 'M', '6e0bc919@cgd.com', '1'), ('922', '6e3d5920', 'M', '6e3d5920@cgd.com', '1'), ('923', '1d349921', 'M', '1d349921@cgd.com', '1'), ('924', 'c06b8922', 'M', 'c06b8922@cgd.com', '1'), ('925', '68708923', 'M', '68708923@cgd.com', '1'), ('926', 'b40ab924', 'M', 'b40ab924@cgd.com', '1'), ('927', '26422925', 'M', '26422925@cgd.com', '1'), ('928', '2347b926', 'M', '2347b926@cgd.com', '1'), ('929', '09a6e927', 'M', '09a6e927@cgd.com', '1'), ('930', '7b547928', 'M', '7b547928@cgd.com', '1'), ('931', 'a03c4929', 'M', 'a03c4929@cgd.com', '1'), ('932', 'd4db9930', 'M', 'd4db9930@cgd.com', '1'), ('933', '6842a931', 'M', '6842a931@cgd.com', '1'), ('934', 'f0ebb932', 'M', 'f0ebb932@cgd.com', '1'), ('935', '382a8933', 'M', '382a8933@cgd.com', '1'), ('936', 'b5975934', 'M', 'b5975934@cgd.com', '1'), ('937', 'e699b935', 'M', 'e699b935@cgd.com', '1'), ('938', '9e7a3936', 'M', '9e7a3936@cgd.com', '1'), ('939', 'c0792937', 'M', 'c0792937@cgd.com', '1'), ('940', '91432938', 'M', '91432938@cgd.com', '1'), ('941', 'ad438939', 'M', 'ad438939@cgd.com', '1'), ('942', 'e8f95940', 'M', 'e8f95940@cgd.com', '1'), ('943', '69db8941', 'M', '69db8941@cgd.com', '1'), ('944', '7ce16942', 'M', '7ce16942@cgd.com', '1'), ('945', '4bbcc943', 'M', '4bbcc943@cgd.com', '1'), ('946', '2b788944', 'M', '2b788944@cgd.com', '1'), ('947', '9cf48945', 'M', '9cf48945@cgd.com', '1'), ('948', 'a7bd6946', 'M', 'a7bd6946@cgd.com', '1'), ('949', '6e600947', 'M', '6e600947@cgd.com', '1'), ('950', '98a2e948', 'M', '98a2e948@cgd.com', '1'), ('951', '9619c949', 'M', '9619c949@cgd.com', '1'), ('952', 'd96a2950', 'M', 'd96a2950@cgd.com', '1'), ('953', '0b239951', 'M', '0b239951@cgd.com', '1'), ('954', 'b344a952', 'M', 'b344a952@cgd.com', '1'), ('955', '51492953', 'M', '51492953@cgd.com', '1'), ('956', 'f5992954', 'M', 'f5992954@cgd.com', '1'), ('957', '1279e955', 'M', '1279e955@cgd.com', '1'), ('958', 'b87b6956', 'M', 'b87b6956@cgd.com', '1'), ('959', '4f917957', 'M', '4f917957@cgd.com', '1'), ('960', '7f3b4958', 'M', '7f3b4958@cgd.com', '1'), ('961', '68766959', 'M', '68766959@cgd.com', '1'), ('962', 'c4809960', 'M', 'c4809960@cgd.com', '1'), ('963', '6b5e0961', 'M', '6b5e0961@cgd.com', '1'), ('964', '24162962', 'M', '24162962@cgd.com', '1'), ('965', 'd97e7963', 'M', 'd97e7963@cgd.com', '1'), ('966', 'c9089964', 'M', 'c9089964@cgd.com', '1'), ('967', '10e3c965', 'M', '10e3c965@cgd.com', '1'), ('968', 'bd1ff966', 'M', 'bd1ff966@cgd.com', '1'), ('969', 'a095f967', 'M', 'a095f967@cgd.com', '1'), ('970', 'f70f1968', 'M', 'f70f1968@cgd.com', '1'), ('971', '0a5c8969', 'M', '0a5c8969@cgd.com', '1'), ('972', 'e4a35970', 'M', 'e4a35970@cgd.com', '1'), ('973', 'ba906971', 'M', 'ba906971@cgd.com', '1'), ('974', 'b91cd972', 'M', 'b91cd972@cgd.com', '1'), ('975', '96705973', 'M', '96705973@cgd.com', '1'), ('976', '6ad5b974', 'M', '6ad5b974@cgd.com', '1'), ('977', '1328b975', 'M', '1328b975@cgd.com', '1'), ('978', 'c9f93976', 'M', 'c9f93976@cgd.com', '1'), ('979', 'd8d9b977', 'M', 'd8d9b977@cgd.com', '1'), ('980', '4d656978', 'M', '4d656978@cgd.com', '1'), ('981', 'd36a0979', 'M', 'd36a0979@cgd.com', '1'), ('982', '2e45a980', 'M', '2e45a980@cgd.com', '1'), ('983', 'ffed7981', 'M', 'ffed7981@cgd.com', '1'), ('984', '5e68f982', 'M', '5e68f982@cgd.com', '1'), ('985', 'def0b983', 'M', 'def0b983@cgd.com', '1'), ('986', '37966984', 'M', '37966984@cgd.com', '1'), ('987', 'a1d73985', 'M', 'a1d73985@cgd.com', '1'), ('988', 'cf068986', 'M', 'cf068986@cgd.com', '1'), ('989', '1d736987', 'M', '1d736987@cgd.com', '1'), ('990', 'd7775988', 'M', 'd7775988@cgd.com', '1'), ('991', '91469989', 'M', '91469989@cgd.com', '1'), ('992', '961fe990', 'M', '961fe990@cgd.com', '1'), ('993', 'ece4e991', 'M', 'ece4e991@cgd.com', '1'), ('994', 'bd29b992', 'M', 'bd29b992@cgd.com', '1'), ('995', 'ac4d8993', 'M', 'ac4d8993@cgd.com', '1'), ('996', '88d06994', 'M', '88d06994@cgd.com', '1'), ('997', '90e93995', 'M', '90e93995@cgd.com', '1'), ('998', 'df266996', 'M', 'df266996@cgd.com', '1'), ('999', '20ddb997', 'M', '20ddb997@cgd.com', '1'), ('1000', '51c17998', 'M', '51c17998@cgd.com', '1'), ('1001', '885a8999', 'M', '885a8999@cgd.com', '1'), ('1002', 'dark_cgd123', 'M', 'cgd@qq.com', '2'), ('1003', '123cgd', 'F', 'cgd@qq.com', '2');
COMMIT;

-- ----------------------------
--  Table structure for `user`
-- ----------------------------
DROP TABLE IF EXISTS `user`;
CREATE TABLE `user` (
  `id` int(11) NOT NULL AUTO_INCREMENT,
  `name` varchar(255) DEFAULT NULL,
  `phone` varchar(255) DEFAULT NULL,
  `email` varchar(255) DEFAULT NULL,
  `age` int(11) DEFAULT NULL,
  `sex` char(1) DEFAULT NULL,
  `remark` varchar(255) DEFAULT NULL,
  `create_time` datetime DEFAULT NULL,
  `pwd` varchar(255) DEFAULT NULL,
  `token` varchar(255) DEFAULT NULL,
  `token_create_time` datetime DEFAULT NULL,
  PRIMARY KEY (`id`)
) ENGINE=MyISAM AUTO_INCREMENT=43 DEFAULT CHARSET=utf8;

-- ----------------------------
--  Records of `user`
-- ----------------------------
BEGIN;
INSERT INTO `user` VALUES ('29', 'dark_cgd', null, null, null, null, null, null, '123456', null, null), ('30', 'dark_cgd', null, null, null, null, null, null, '123456', null, null), ('31', 'dark_cgd', null, null, null, null, null, null, '123456', null, null), ('32', 'dark_cgd', null, null, null, null, null, null, '123456', null, null), ('33', 'dark_cgd', null, null, null, null, null, null, '123456', null, null), ('34', 'dark_cgd', null, null, null, null, null, null, '123456', null, null), ('35', 'dark_cgd', null, null, null, null, null, null, '123456', null, null), ('36', 'dark_cgd', null, null, null, null, null, null, '123456', null, null), ('37', 'dark_cgd', null, null, null, null, null, null, '123456', null, null), ('38', 'dark_cgd', null, null, null, null, null, null, '123456', null, null), ('39', 'dark_cgd', null, null, null, null, null, null, '123456', null, null), ('40', 'dark_cgd', null, null, null, null, null, null, '123456', null, null), ('41', 'dark_cgd', null, null, null, null, null, null, '123456', null, null), ('42', 'dark_cgd', null, null, null, null, null, null, '123456', null, null);
COMMIT;

SET FOREIGN_KEY_CHECKS = 1;
